{
  "project_info": {
    "project_number": "898578906286",
    "firebase_url": "https://enlighten-1e1bf-default-rtdb.firebaseio.com",
    "project_id": "enlighten-1e1bf",
    "storage_bucket": "enlighten-1e1bf.appspot.com"
  },
  "client": [
    {
      "client_info": {
        "mobilesdk_app_id": "1:898578906286:android:e008ed4f855c9c56de813f",
        "android_client_info": {
          "package_name": "com.psygon.tech.enlighten"
        }
      },
      "oauth_client": [
        {
          "client_id": "898578906286-9kfojegcpeu3pv5rp4jsvk0tm818pfec.apps.googleusercontent.com",
          "client_type": 1,
          "android_info": {
            "package_name": "com.psygon.tech.enlighten",
            "certificate_hash": "043316d1cbbfb3708051214d08336e688cde59bd"
          }
        },
        {
          "client_id": "898578906286-943h3p3v6k0r9v03av2fs2od0iu52pbd.apps.googleusercontent.com",
          "client_type": 3
        }
      ],
      "api_key": [
        {
          "current_key": "AIzaSyClmllpUqn3cCVX22Vkj52ir49RsrkyeJo"
        }
      ],
      "services": {
        "appinvite_service": {
          "other_platform_oauth_client": [
            {
              "client_id": "898578906286-943h3p3v6k0r9v03av2fs2od0iu52pbd.apps.googleusercontent.com",
              "client_type": 3
            }
          ]
        }
      }
    },
    {
      "client_info": {
        "mobilesdk_app_id": "1:898578906286:android:72134688c1a218b7de813f",
        "android_client_info": {
          "package_name": "com.psygon.tech.scholar"
        }
      },
      "oauth_client": [
        {
          "client_id": "898578906286-5aoonl4gs2tg0bn2qqurj9a8e51havii.apps.googleusercontent.com",
          "client_type": 1,
          "android_info": {
            "package_name": "com.psygon.tech.scholar",
            "certificate_hash": "510100959fb00362f3b90ea84d559c9685fef9ba"
          }
        },
        {
          "client_id": "898578906286-943h3p3v6k0r9v03av2fs2od0iu52pbd.apps.googleusercontent.com",
          "client_type": 3
        }
      ],
      "api_key": [
        {
          "current_key": "AIzaSyClmllpUqn3cCVX22Vkj52ir49RsrkyeJo"
        }
      ],
      "services": {
        "appinvite_service": {
          "other_platform_oauth_client": [
            {
              "client_id": "898578906286-943h3p3v6k0r9v03av2fs2od0iu52pbd.apps.googleusercontent.com",
              "client_type": 3
            }
          ]
        }
      }
    }
  ],
  "configuration_version": "1"
}